Workbook

Sheet Sheet1
A1: 1. 用户1 (user1):
A2: · 蔬菜：3.00份
A3: · 水果：2.00份
A4: · 谷物：3.00份
A5: · 肉类：2.00份
A6: · 乳制品：2.00份
A7: · 零食：1.00份
A8: 特点：均衡型饮食，注重谷物和蔬菜摄入
A9: 2. 用户2 (user2):
A10: · 蔬菜：2.00份
A11: · 水果：1.00份
A12: · 谷物：2.00份
... A55: · 有的用户允许适量零食（用户1、3、4、5、6）

Sheet user
A1: user_id | B1: firstName | C1: lastName | D1: gender | E1: dob | F1: phone | G1: email | H1: joinedYear | I1: password | J1: avatar_path | K1: created_at | L1: username | M1: age
A2: 1 | B2: John | C2: Doe | D2: male | E2: 33008 | F2: 0400123456 | G2: john.doe@example.com | H2: 2023 | I2: 123456 | K2: 45775.524 | L2: user1 | M2: =ROUNDDOWN(YEARFRAC(E2,TODAY()),0) -> 34
A3: 2 | B3: Emily | C3: Johnson | D3: female | E3: 34870 | F3: 0400123457 | G3: emily.johnson@example.com | H3: 2023 | I3: 123456 | K3: 45775.524 | L3: user2 | M3: =ROUNDDOWN(YEARFRAC(E3,TODAY()),0) -> 29
A4: 3 | B4: Michael | C4: Smith | D4: male | E4: 32479 | F4: 0400123458 | G4: michael.smith@example.com | H4: 2022 | I4: 123456 | K4: 45775.524 | L4: user3 | M4: =ROUNDDOWN(YEARFRAC(E4,TODAY()),0) -> 36
A5: 4 | B5: Sarah | C5: Williams | D5: female | E5: 36791 | F5: 0400123459 | G5: sarah.williams@example.com | H5: 2024 | I5: 123456 | K5: 45775.524 | L5: user4 | M5: =ROUNDDOWN(YEARFRAC(E5,TODAY()),0) -> 24
A6: 5 | B6: David | C6: Brown | D6: male | E6: 33673 | F6: 0400123460 | G6: david.brown@example.com | H6: 2021 | I6: 123456 | K6: 45775.524 | L6: user5 | M6: =ROUNDDOWN(YEARFRAC(E6,TODAY()),0) -> 33
A7: 6 | B7: Anna | C7: Taylor | D7: female | E7: 31356 | F7: 0400123461 | G7: anna.taylor@example.com | H7: 2024 | I7: 123456 | K7: 45775.524 | L7: user6 | M7: =ROUNDDOWN(YEARFRAC(E7,TODAY()),0) -> 39

Sheet foods
A1: id | B1: name | C1: calories | D1: unit | E1: amount | F1: user_id | G1: food_category | H1: created_at
A2: 1 | B2: Banana | C2: 105 | D2: serving | E2: 1 | F2: 1 | G2: fruit | H2: 45773.961
A3: 2 | B3: Apple | C3: 95 | D3: serving | E3: 1 | F3: 1 | G3: fruit | H3: 45773.961
A4: 3 | B4: Orange | C4: 62 | D4: serving | E4: 1 | F4: 1 | G4: fruit | H4: 45773.961
A5: 4 | B5: Blueberries | C5: 85 | D5: serving | E5: 1 | F5: 1 | G5: fruit | H5: 45773.961
A6: 5 | B6: Strawberries | C6: 50 | D6: serving | E6: 1 | F6: 1 | G6: fruit | H6: 45773.961
A7: 6 | B7: Grapes | C7: 69 | D7: serving | E7: 1 | F7: 1 | G7: fruit | H7: 45773.961
A8: 7 | B8: Watermelon | C8: 46 | D8: serving | E8: 1 | F8: 1 | G8: fruit | H8: 45773.961
A9: 8 | B9: Pineapple | C9: 82 | D9: serving | E9: 1 | F9: 1 | G9: fruit | H9: 45773.961
A10: 9 | B10: Broccoli | C10: 55 | D10: serving | E10: 1 | F10: 2 | G10: vegetables | H10: 45773.961
A11: 10 | B11: Carrots | C11: 41 | D11: serving | E11: 1 | F11: 2 | G11: vegetables | H11: 45773.961
A12: 11 | B12: Spinach | C12: 23 | D12: serving | E12: 1 | F12: 2 | G12: vegetables | H12: 45773.961
A13: 12 | B13: Cucumber | C13: 16 | D13: serving | E13: 1 | F13: 2 | G13: vegetables | H13: 45773.961
... A49: 48 | B49: Granola | C49: 120 | D49: serving | E49: 1 | F49: 6 | G49: extras | H49: 45773.961

Sheet meal_records
A1: id | B1: user_id | C1: food_id | D1: amount | E1: meal_type | F1: food_category | G1: image_url | H1: record_date | I1: created_at
A2: 1 | B2: 1 | C2: 1 | D2: 1 | E2: breakfast | F2: fruit | H2: 45768 | I2: 45768.333
A3: 2 | B3: 1 | C3: 9 | D3: 1 | E3: breakfast | F3: grains | H3: 45768 | I3: 45768.333
A4: 3 | B4: 1 | C4: 25 | D4: 1 | E4: lunch | F4: meat | H4: 45768 | I4: 45768.5
A5: 4 | B5: 1 | C5: 10 | D5: 1 | E5: lunch | F5: vegetables | H5: 45768 | I5: 45768.5
A6: 5 | B6: 1 | C6: 17 | D6: 1 | E6: dinner | F6: meat | H6: 45768 | I6: 45768.75
A7: 6 | B7: 1 | C7: 11 | D7: 1 | E7: dinner | F7: vegetables | H7: 45768 | I7: 45768.75
A8: 7 | B8: 1 | C8: 33 | D8: 1 | E8: snack | F8: dairy | H8: 45768 | I8: 45768.625
A9: 8 | B9: 1 | C9: 2 | D9: 1 | E9: breakfast | F9: fruit | H9: 45769 | I9: 45769.333
A10: 9 | B10: 1 | C10: 10 | D10: 1 | E10: breakfast | F10: grains | H10: 45769 | I10: 45769.333
A11: 10 | B11: 1 | C11: 26 | D11: 1 | E11: lunch | F11: meat | H11: 45769 | I11: 45769.5
A12: 11 | B12: 1 | C12: 11 | D12: 1 | E12: lunch | F12: vegetables | H12: 45769 | I12: 45769.5
A13: 12 | B13: 1 | C13: 18 | D13: 1 | E13: dinner | F13: meat | H13: 45769 | I13: 45769.75
... A295: 294 | B295: 6 | C295: 32 | D295: 1 | E295: snack | F295: dairy | H295: 45774 | I295: 45774.625

Sheet food_records
A1: record_id | B1: user_id | C1: record_date | D1: image_url | E1: meal_type | F1: vegetables | G1: fruit | H1: grains | I1: meat | J1: dairy | K1: extras | L1: created_at
A2: 1 | B2: 1 | C2: 45768 | E2: daily | F2: 2 | G2: 1 | H2: 1 | I2: 1 | J2: 1 | K2: 0 | L2: 45775.524
A3: 2 | B3: 2 | C3: 45768 | E3: daily | F3: 2 | G3: 1 | H3: 1 | I3: 1 | J3: 1 | K3: 0 | L3: 45775.524
A4: 3 | B4: 3 | C4: 45768 | E4: daily | F4: 2 | G4: 1 | H4: 1 | I4: 1 | J4: 1 | K4: 0 | L4: 45775.524
A5: 4 | B5: 4 | C5: 45768 | E5: daily | F5: 2 | G5: 1 | H5: 1 | I5: 1 | J5: 1 | K5: 0 | L5: 45775.524
A6: 5 | B6: 5 | C6: 45768 | E6: daily | F6: 2 | G6: 1 | H6: 1 | I6: 1 | J6: 1 | K6: 0 | L6: 45775.524
A7: 6 | B7: 6 | C7: 45768 | E7: daily | F7: 2 | G7: 1 | H7: 1 | I7: 1 | J7: 1 | K7: 0 | L7: 45775.524
A8: 7 | B8: 1 | C8: 45769 | E8: daily | F8: 2 | G8: 1 | H8: 1 | I8: 1 | J8: 1 | K8: 0 | L8: 45775.524
A9: 8 | B9: 2 | C9: 45769 | E9: daily | F9: 2 | G9: 1 | H9: 1 | I9: 1 | J9: 1 | K9: 0 | L9: 45775.524
A10: 9 | B10: 3 | C10: 45769 | E10: daily | F10: 2 | G10: 1 | H10: 1 | I10: 1 | J10: 1 | K10: 0 | L10: 45775.524
A11: 10 | B11: 4 | C11: 45769 | E11: daily | F11: 2 | G11: 1 | H11: 1 | I11: 1 | J11: 1 | K11: 0 | L11: 45775.524
A12: 11 | B12: 5 | C12: 45769 | E12: daily | F12: 2 | G12: 1 | H12: 1 | I12: 1 | J12: 1 | K12: 0 | L12: 45775.524
A13: 12 | B13: 6 | C13: 45769 | E13: daily | F13: 2 | G13: 1 | H13: 1 | I13: 1 | J13: 1 | K13: 0 | L13: 45775.524
... A43: 42 | B43: 6 | C43: 45774 | E43: daily | F43: 2 | G43: 1 | H43: 1 | I43: 1 | J43: 1 | K43: 0 | L43: 45775.524

Sheet goal_settings
A1: id | B1: user_id | C1: vegetables | D1: fruits | E1: grains | F1: meat | G1: dairy | H1: extras | I1: created_at | J1: updated_at
A2: 1 | B2: 1 | C2: 3.00 | D2: 2.00 | E2: 3.00 | F2: 2.00 | G2: 2.00 | H2: 1.00 | I2: 45775.524 | J2: 45775.524
A3: 2 | B3: 2 | C3: 2.00 | D3: 1.00 | E3: 2.00 | F3: 3.00 | G3: 1.00 | H3: 0.00 | I3: 45775.524 | J3: 45775.524
A4: 3 | B4: 3 | C4: 4.00 | D4: 2.00 | E4: 2.00 | F4: 1.00 | G4: 2.00 | H4: 1.00 | I4: 45775.524 | J4: 45775.524
A5: 4 | B5: 4 | C5: 2.00 | D5: 2.00 | E5: 3.00 | F5: 2.00 | G5: 2.00 | H5: 1.00 | I5: 45775.524 | J5: 45775.524
A6: 5 | B6: 5 | C6: 3.00 | D6: 3.00 | E6: 2.00 | F6: 1.00 | G6: 1.00 | H6: 2.00 | I6: 45775.524 | J6: 45775.524
A7: 6 | B7: 6 | C7: 2.00 | D7: 2.00 | E7: 2.00 | F7: 2.00 | G7: 2.00 | H7: 1.00 | I7: 45775.524 | J7: 45775.524

Sheet Sheet2
A1: user_id | B1: food_id | C1: amount | D1: meal_type | E1: food_category | F1: image_url | G1: record_date | H1: User | K1: Sum of amount | M1: food_category
A2: 1 | B2: 1 | C2: 1 | D2: breakfast | E2: fruit | G2: 45768 | H2: =VLOOKUP(A2,user!A:L,12,0) -> user1 | K2: User | L2: record_date | M2: dairy | N2: fruit | O2: grains | P2: meat | Q2: vegetables
A3: 1 | B3: 9 | C3: 1 | D3: breakfast | E3: grains | G3: 45768 | H3: =VLOOKUP(A3,user!A:L,12,0) -> user1 | K3: user1 | L3: 45768 | M3: 1 | N3: 1 | O3: 1 | P3: 2 | Q3: 2
A4: 1 | B4: 25 | C4: 1 | D4: lunch | E4: meat | G4: 45768 | H4: =VLOOKUP(A4,user!A:L,12,0) -> user1 | K4: user1 | L4: 45769 | M4: 1 | N4: 1 | O4: 1 | P4: 2 | Q4: 2
A5: 1 | B5: 10 | C5: 1 | D5: lunch | E5: vegetables | G5: 45768 | H5: =VLOOKUP(A5,user!A:L,12,0) -> user1 | K5: user1 | L5: 45770 | M5: 1 | N5: 1 | O5: 1 | P5: 2 | Q5: 2
A6: 1 | B6: 17 | C6: 1 | D6: dinner | E6: meat | G6: 45768 | H6: =VLOOKUP(A6,user!A:L,12,0) -> user1 | K6: user1 | L6: 45771 | M6: 1 | N6: 1 | O6: 1 | P6: 2 | Q6: 2
A7: 1 | B7: 11 | C7: 1 | D7: dinner | E7: vegetables | G7: 45768 | H7: =VLOOKUP(A7,user!A:L,12,0) -> user1 | K7: user1 | L7: 45772 | M7: 1 | N7: 1 | O7: 1 | P7: 2 | Q7: 2
A8: 1 | B8: 33 | C8: 1 | D8: snack | E8: dairy | G8: 45768 | H8: =VLOOKUP(A8,user!A:L,12,0) -> user1 | K8: user1 | L8: 45773 | M8: 1 | N8: 1 | O8: 1 | P8: 2 | Q8: 2
A9: 1 | B9: 2 | C9: 1 | D9: breakfast | E9: fruit | G9: 45769 | H9: =VLOOKUP(A9,user!A:L,12,0) -> user1 | K9: user1 | L9: 45774 | M9: 1 | N9: 1 | O9: 1 | P9: 2 | Q9: 2
A10: 1 | B10: 10 | C10: 1 | D10: breakfast | E10: grains | G10: 45769 | H10: =VLOOKUP(A10,user!A:L,12,0) -> user1 | K10: user2 | L10: 45768 | M10: 1 | N10: 1 | O10: 1 | P10: 2 | Q10: 2
A11: 1 | B11: 26 | C11: 1 | D11: lunch | E11: meat | G11: 45769 | H11: =VLOOKUP(A11,user!A:L,12,0) -> user1 | K11: user2 | L11: 45769 | M11: 1 | N11: 1 | O11: 1 | P11: 2 | Q11: 2
A12: 1 | B12: 11 | C12: 1 | D12: lunch | E12: vegetables | G12: 45769 | H12: =VLOOKUP(A12,user!A:L,12,0) -> user1 | K12: user2 | L12: 45770 | M12: 1 | N12: 1 | O12: 1 | P12: 2 | Q12: 2
A13: 1 | B13: 18 | C13: 1 | D13: dinner | E13: meat | G13: 45769 | H13: =VLOOKUP(A13,user!A:L,12,0) -> user1 | K13: user2 | L13: 45771 | M13: 1 | N13: 1 | O13: 1 | P13: 2 | Q13: 2
A14: 1 | B14: 12 | C14: 1 | D14: dinner | E14: vegetables | G14: 45769 | H14: =VLOOKUP(A14,user!A:L,12,0) -> user1 | K14: user2 | L14: 45772 | M14: 1 | N14: 1 | O14: 1 | P14: 2 | Q14: 2
... A44: 1 | B44: 7 | C44: 1 | D44: breakfast | E44: fruit | G44: 45774 | H44: =VLOOKUP(A44,user!A:L,12,0) -> user1 | K44: user6 | L44: 45774 | M44: 1 | N44: 1 | O44: 1 | P44: 2 | Q44: 2
A45: 1 | B45: 15 | C45: 1 | D45: breakfast | E45: grains | G45: 45774 | H45: =VLOOKUP(A45,user!A:L,12,0) -> user1
A46: 1 | B46: 31 | C46: 1 | D46: lunch | E46: meat | G46: 45774 | H46: =VLOOKUP(A46,user!A:L,12,0) -> user1
A47: 1 | B47: 16 | C47: 1 | D47: lunch | E47: vegetables | G47: 45774 | H47: =VLOOKUP(A47,user!A:L,12,0) -> user1
A48: 1 | B48: 23 | C48: 1 | D48: dinner | E48: meat | G48: 45774 | H48: =VLOOKUP(A48,user!A:L,12,0) -> user1
A49: 1 | B49: 9 | C49: 1 | D49: dinner | E49: vegetables | G49: 45774 | H49: =VLOOKUP(A49,user!A:L,12,0) -> user1
A50: 1 | B50: 32 | C50: 1 | D50: snack | E50: dairy | G50: 45774 | H50: =VLOOKUP(A50,user!A:L,12,0) -> user1
A51: 2 | B51: 2 | C51: 1 | D51: breakfast | E51: fruit | G51: 45768 | H51: =VLOOKUP(A51,user!A:L,12,0) -> user2
A52: 2 | B52: 10 | C52: 1 | D52: breakfast | E52: grains | G52: 45768 | H52: =VLOOKUP(A52,user!A:L,12,0) -> user2
A53: 2 | B53: 26 | C53: 1 | D53: lunch | E53: meat | G53: 45768 | H53: =VLOOKUP(A53,user!A:L,12,0) -> user2
A54: 2 | B54: 11 | C54: 1 | D54: lunch | E54: vegetables | G54: 45768 | H54: =VLOOKUP(A54,user!A:L,12,0) -> user2
A55: 2 | B55: 18 | C55: 1 | D55: dinner | E55: meat | G55: 45768 | H55: =VLOOKUP(A55,user!A:L,12,0) -> user2
A56: 2 | B56: 12 | C56: 1 | D56: dinner | E56: vegetables | G56: 45768 | H56: =VLOOKUP(A56,user!A:L,12,0) -> user2
... A295: 6 | B295: 32 | C295: 1 | D295: snack | E295: dairy | G295: 45774 | H295: =VLOOKUP(A295,user!A:L,12,0) -> user6

Sheet Sheet4
A1: User
A2: username | B2: age
A3: user1 | B3: 34
A4: user2 | B4: 29
A5: user3 | B5: 36
A6: user4 | B6: 24
A7: user5 | B7: 33
A8: user6 | B8: 39
A11: Goal Setting
A12: user_id | B12: vegetables | C12: fruits | D12: grains | E12: meat | F12: dairy | G12: extras
A13: user1 | B13: 3 | C13: 2 | D13: 3 | E13: 2 | F13: 2 | G13: 1
A14: user2 | B14: 2 | C14: 1 | D14: 2 | E14: 3 | F14: 1 | G14: 0
A15: user3 | B15: 4 | C15: 2 | D15: 2 | E15: 1 | F15: 2 | G15: 1
A16: user4 | B16: 2 | C16: 2 | D16: 3 | E16: 2 | F16: 2 | G16: 1
A17: user5 | B17: 3 | C17: 3 | D17: 2 | E17: 1 | F17: 1 | G17: 2
A18: user6 | B18: 2 | C18: 2 | D18: 2 | E18: 2 | F18: 2 | G18: 1
A26: Meal Logging
